trial_id,trial_number,level,episode_number,performance,trial_type,episode_type,novelty_level,novelty_type,novelty_threshold,episode_start_time,planning_time,explored_states,repair_calls,repair_time,plan_action_length,timed_out,success,nn_prob,pddl_prob,reward_prob,novelty_detected,novelty_characterization,default_action_used,num_objects,shot_count,plan_total_time,cumulative_plan_time,rewards_per_shot,repair_description,unknown_obj
0_30_novelty_level_12_type30_non-novelty_type1230,0,9001_Data/StreamingAssets/Levels/novelty_level_0/type1230/Levels/00344_1_0_23_0.xml,0,6050.0,unknown,non-novelty-performance,0,Levels,1,92750.529915873,5.338957533007488,2217,0,0.0,2,False,Pass,-1.0,[6.505933053999996],[],False,{},False,0,0,7.15,5.338957533007488,[6050],[],[False]
0_30_novelty_level_12_type30_non-novelty_type1230,0,9001_Data/StreamingAssets/Levels/novelty_level_0/type1230/Levels/00027_1_0_23_0.xml,1,6040.0,unknown,non-novelty-performance,0,Levels,1,92836.373912737,5.752508092002245,2184,0,0.0,2,False,Pass,-1.0,[6.505933053999996],[],False,{},False,0,0,7.075,5.752508092002245,[6040],[],[False]
0_30_novelty_level_12_type30_non-novelty_type1230,0,9001_Data/StreamingAssets/Levels/novelty_level_0/type1230/Levels/00186_1_0_23_0.xml,2,6000.0,unknown,non-novelty-performance,0,Levels,1,92922.601975743,4.21116564401018,2031,0,0.0,2,False,Pass,-1.0,[5.927425656600008],[],False,{},False,0,0,7.125,4.21116564401018,[6000],[],[False]
0_30_novelty_level_12_type30_non-novelty_type1230,0,9001_Data/StreamingAssets/Levels/novelty_level_0/type1230/Levels/00314_1_0_23_0.xml,3,6060.0,unknown,non-novelty-performance,0,Levels,1,93007.597911609,6.173895533996983,2481,0,0.0,2,False,Pass,-1.0,[6.688125000000014],[],False,{},False,0,0,7.1,6.173895533996983,[6060],[],[False]
0_30_novelty_level_12_type30_non-novelty_type1230,0,9001_Data/StreamingAssets/Levels/novelty_level_0/type1230/Levels/00268_1_0_23_0.xml,4,6100.0,unknown,non-novelty-performance,0,Levels,1,93095.998120161,7.156150358001469,2019,0,0.0,2,False,Pass,-1.0,[5.927425656600008],[],False,{},False,0,0,7.05,7.156150358001469,[6100],[],[False]
0_30_novelty_level_12_type30_non-novelty_type1230,0,9001_Data/StreamingAssets/Levels/novelty_level_0/type1230/Levels/00156_1_0_23_0.xml,5,6030.0,unknown,non-novelty-performance,0,Levels,1,93182.789967502,9.879846725991229,2219,0,0.0,2,False,Pass,-1.0,[7.213452831900014],[],False,{},False,0,0,7.3,9.879846725991229,[6030],[],[False]
0_30_novelty_level_12_type30_non-novelty_type1230,0,9001_Data/StreamingAssets/Levels/novelty_level_0/type1230/Levels/00203_1_0_23_0.xml,6,6000.0,unknown,non-novelty-performance,0,Levels,1,93277.31419418,6.457180707002408,1973,0,0.0,2,False,Pass,-1.0,[5.866849800000011],[],False,{},False,0,0,7.275,6.457180707002408,[6000],[],[False]
0_30_novelty_level_12_type30_non-novelty_type1230,0,9001_Data/StreamingAssets/Levels/novelty_level_12/type30/Levels/00022_1_0_3_2.xml,7,2280.0,unknown,novelty,novelty,Levels,1,93367.182280309,6.9451051549986005,1723,1,183.85652136802673,2,False,Fail,-1.0,[107.49412857499999],[],False,{},False,0,0,7.625,6.9451051549986005,[2280],"[['Repair gravity_factor, 0.30', 'Repair v_bird_change, -7.00', 'Repair base_life_pig_multiplier, 0.00']]",[False]
0_30_novelty_level_12_type30_non-novelty_type1230,0,9001_Data/StreamingAssets/Levels/novelty_level_12/type30/Levels/00272_1_0_3_2.xml,8,0.0,unknown,novelty,novelty,Levels,1,93640.4779608,30.22180762300559,12839,0,0.0,0,False,Fail,-1.0,[None],[],False,{},True,0,0,0.0,30.22180762300559,[0],[],[False]
0_30_novelty_level_12_type30_non-novelty_type1230,0,9001_Data/StreamingAssets/Levels/novelty_level_12/type30/Levels/00188_1_0_3_2.xml,9,820.0,unknown,novelty,novelty,Levels,1,93748.618489481,10.324392440001247,1931,1,180.35883927345276,2,False,Fail,-1.0,[87.15055418457142],[],False,{},False,0,0,7.425,10.324392440001247,[820],"[['Repair gravity_factor, 0.10', 'Repair v_bird_change, -6.00', 'Repair base_life_pig_multiplier, 0.00']]",[False]
0_30_novelty_level_12_type30_non-novelty_type1230,0,9001_Data/StreamingAssets/Levels/novelty_level_12/type30/Levels/00071_1_0_3_2.xml,10,800.0,unknown,novelty,novelty,Levels,1,94024.086149517,7.647747499999241,2308,1,183.30137515068054,2,False,Fail,-1.0,[73.79541388473332],[],False,{},False,0,0,6.75,7.647747499999241,[800],"[['Repair gravity_factor, 0.00', 'Repair v_bird_change, -7.00', 'Repair base_life_pig_multiplier, 0.00']]",[False]
0_30_novelty_level_12_type30_non-novelty_type1230,0,9001_Data/StreamingAssets/Levels/novelty_level_12/type30/Levels/00160_1_0_3_2.xml,11,1100.0,unknown,novelty,novelty,Levels,1,94300.022253159,7.564170854995609,2368,1,121.69447207450867,2,False,Fail,-1.0,[13.074919874333336],[],False,{},False,0,0,6.475,7.564170854995609,[1100],"[['Repair gravity_factor, 0.10', 'Repair v_bird_change, -3.00', 'Repair base_life_pig_multiplier, 0.00']]",[False]
0_30_novelty_level_12_type30_non-novelty_type1230,0,9001_Data/StreamingAssets/Levels/novelty_level_12/type30/Levels/00206_1_0_3_2.xml,12,1000.0,unknown,novelty,novelty,Levels,1,94515.930182739,10.548289536993252,2050,1,37.53942823410034,2,False,Fail,-1.0,[53.4272677475],[],False,{},False,0,0,6.575,10.548289536993252,[1000],"[['Repair gravity_factor, 0.00', 'Repair v_bird_change, -1.00', 'Repair base_life_pig_multiplier, 0.00']]",[False]
0_30_novelty_level_12_type30_non-novelty_type1230,0,9001_Data/StreamingAssets/Levels/novelty_level_12/type30/Levels/00335_1_0_3_2.xml,13,230.0,unknown,novelty,novelty,Levels,1,94651.558132499,30.28816649300279,5381,0,0.0,0,False,Fail,-1.0,[None],[],False,{},True,0,0,0.0,30.28816649300279,[230],[],[False]
0_30_novelty_level_12_type30_non-novelty_type1230,0,9001_Data/StreamingAssets/Levels/novelty_level_12/type30/Levels/00238_1_0_3_2.xml,14,6000.0,unknown,novelty,novelty,Levels,1,94762.422235311,7.800863301992649,2000,0,0.0,2,False,Pass,-1.0,[2.1002070783999898],[],False,{},False,0,0,6.4,7.800863301992649,[6000],[],[False]
0_30_novelty_level_12_type30_non-novelty_type1230,0,9001_Data/StreamingAssets/Levels/novelty_level_12/type30/Levels/00198_1_0_3_2.xml,15,1480.0,unknown,novelty,novelty,Levels,1,94855.498228221,30.287695261009503,9178,0,0.0,0,False,Fail,-1.0,[None],[],False,{},True,0,0,0.0,30.287695261009503,[1480],[],[False]
0_30_novelty_level_12_type30_non-novelty_type1230,0,9001_Data/StreamingAssets/Levels/novelty_level_12/type30/Levels/00075_1_0_3_2.xml,16,30.0,unknown,novelty,novelty,Levels,1,94951.162276794,30.27944596100133,6078,0,0.0,0,False,Fail,-1.0,[None],[],False,{},True,0,0,0.0,30.27944596100133,[30],[],[False]
0_30_novelty_level_12_type30_non-novelty_type1230,0,9001_Data/StreamingAssets/Levels/novelty_level_12/type30/Levels/00287_1_0_3_2.xml,17,6000.0,unknown,novelty,novelty,Levels,1,95061.474482008,12.815545151999686,2118,0,0.0,2,False,Pass,-1.0,[2.4945121975000006],[],False,{},False,0,0,6.525,12.815545151999686,[6000],[],[False]
0_30_novelty_level_12_type30_non-novelty_type1230,0,9001_Data/StreamingAssets/Levels/novelty_level_12/type30/Levels/00110_1_0_3_2.xml,18,6000.0,unknown,novelty,novelty,Levels,1,95154.538289679,8.08746072599024,1848,0,0.0,2,False,Pass,-1.0,[3.14415359809999],[],False,{},False,0,0,6.9,8.08746072599024,[6000],[],[False]
0_30_novelty_level_12_type30_non-novelty_type1230,0,9001_Data/StreamingAssets/Levels/novelty_level_12/type30/Levels/00257_1_0_3_2.xml,19,160.0,unknown,novelty,novelty,Levels,1,95248.214129947,30.39945467200596,3432,0,0.0,0,False,Fail,-1.0,[None],[],False,{},True,0,0,0.0,30.39945467200596,[160],[],[False]
0_30_novelty_level_12_type30_non-novelty_type1230,0,9001_Data/StreamingAssets/Levels/novelty_level_12/type30/Levels/00148_1_0_3_2.xml,20,300.0,unknown,novelty,novelty,Levels,1,95363.23035572,30.306280806995346,7594,0,0.0,0,False,Fail,-1.0,[None],[],False,{},True,0,0,0.0,30.306280806995346,[300],[],[False]
0_30_novelty_level_12_type30_non-novelty_type1230,0,9001_Data/StreamingAssets/Levels/novelty_level_12/type30/Levels/00139_1_0_3_2.xml,21,2150.0,unknown,novelty,novelty,Levels,1,95464.058217693,13.233227625009022,2369,0,0.0,2,False,Fail,-1.0,[1.0759689221999906],[],False,{},False,0,0,6.25,13.233227625009022,[2150],[],[False]
0_30_novelty_level_12_type30_non-novelty_type1230,0,9001_Data/StreamingAssets/Levels/novelty_level_12/type30/Levels/00063_1_0_3_2.xml,22,5500.0,unknown,novelty,novelty,Levels,1,95563.362044987,12.75174379600503,2246,0,0.0,2,False,Pass,-1.0,[2.4338461568000014],[],False,{},False,0,0,6.3,12.75174379600503,[5500],[],[False]
0_30_novelty_level_12_type30_non-novelty_type1230,0,9001_Data/StreamingAssets/Levels/novelty_level_12/type30/Levels/00130_1_0_3_2.xml,23,0.0,unknown,novelty,novelty,Levels,1,95663.922189038,30.32202402500843,7486,0,0.0,0,False,Fail,-1.0,[None],[],False,{},True,0,0,0.0,30.32202402500843,[0],[],[False]
0_30_novelty_level_12_type30_non-novelty_type1230,0,9001_Data/StreamingAssets/Levels/novelty_level_12/type30/Levels/00289_1_0_3_2.xml,24,6000.0,unknown,novelty,novelty,Levels,1,95754.702669815,9.300914114006446,2204,0,0.0,2,False,Pass,-1.0,[2.1002070783999898],[],False,{},False,0,0,6.525,9.300914114006446,[6000],[],[False]
0_30_novelty_level_12_type30_non-novelty_type1230,0,9001_Data/StreamingAssets/Levels/novelty_level_12/type30/Levels/00321_1_0_3_2.xml,25,6000.0,unknown,novelty,novelty,Levels,1,95849.998280629,8.224407432004227,1954,0,0.0,2,False,Pass,-1.0,[2.2585352430000114],[],False,{},False,0,0,6.6,8.224407432004227,[6000],[],[False]
0_30_novelty_level_12_type30_non-novelty_type1230,0,9001_Data/StreamingAssets/Levels/novelty_level_12/type30/Levels/00015_1_0_3_2.xml,26,820.0,unknown,novelty,novelty,Levels,1,95943.174208446,30.297766196003067,5489,0,0.0,0,False,Fail,-1.0,[None],[],False,{},True,0,0,0.0,30.297766196003067,[820],[],[False]
0_30_novelty_level_12_type30_non-novelty_type1230,0,9001_Data/StreamingAssets/Levels/novelty_level_12/type30/Levels/00247_1_0_3_2.xml,27,6000.0,unknown,novelty,novelty,Levels,1,96039.242266758,9.070416155998828,2076,0,0.0,2,False,Pass,-1.0,[2.8383940308000035],[],False,{},False,0,0,6.775,9.070416155998828,[6000],[],[False]
0_30_novelty_level_12_type30_non-novelty_type1230,0,9001_Data/StreamingAssets/Levels/novelty_level_12/type30/Levels/00267_1_0_3_2.xml,28,5500.0,unknown,novelty,novelty,Levels,1,96132.442269694,11.422735990010551,1982,0,0.0,2,False,Pass,-1.0,[2.1002070783999898],[],False,{},False,0,0,6.525,11.422735990010551,[5500],[],[False]
0_30_novelty_level_12_type30_non-novelty_type1230,0,9001_Data/StreamingAssets/Levels/novelty_level_12/type30/Levels/00236_1_0_3_2.xml,29,6230.0,unknown,novelty,novelty,Levels,1,96221.898373829,10.925218288000906,1854,0,0.0,2,False,Pass,-1.0,[3.5007480527999917],[],False,{},False,0,0,6.825,10.925218288000906,[6230],[],[False]
0_30_novelty_level_12_type30_non-novelty_type1230,1,9001_Data/StreamingAssets/Levels/novelty_level_0/type1230/Levels/00331_1_0_23_0.xml,0,500.0,unknown,non-novelty-performance,0,Levels,1,99229.974088181,5.360845948001952,2019,0,0.0,2,False,Fail,-1.0,[5.849196567999996],[],False,{},False,0,0,7.175,5.360845948001952,[500],[],[False]
0_30_novelty_level_12_type30_non-novelty_type1230,1,9001_Data/StreamingAssets/Levels/novelty_level_0/type1230/Levels/00310_1_0_23_0.xml,1,940.0,unknown,non-novelty-performance,0,Levels,1,99319.366300626,30.212762872994062,8007,0,0.0,0,False,Fail,-1.0,[None],[],False,{},True,0,0,0.0,30.212762872994062,[940],[],[False]
0_30_novelty_level_12_type30_non-novelty_type1230,1,9001_Data/StreamingAssets/Levels/novelty_level_0/type1230/Levels/00290_1_0_23_0.xml,2,6000.0,unknown,non-novelty-performance,0,Levels,1,99408.890538413,9.086619711000822,2201,0,0.0,2,False,Pass,-1.0,[5.927425656600008],[],False,{},False,0,0,7.3,9.086619711000822,[6000],[],[False]
0_30_novelty_level_12_type30_non-novelty_type1230,1,9001_Data/StreamingAssets/Levels/novelty_level_0/type1230/Levels/00059_1_0_23_0.xml,3,990.0,unknown,non-novelty-performance,0,Levels,1,99502.07416788,30.2319994319987,9293,0,0.0,0,False,Fail,-1.0,[None],[],False,{},True,0,0,0.0,30.2319994319987,[990],[],[False]
0_30_novelty_level_12_type30_non-novelty_type1230,1,9001_Data/StreamingAssets/Levels/novelty_level_0/type1230/Levels/00146_1_0_23_0.xml,4,6100.0,unknown,non-novelty-performance,0,Levels,1,99594.654898408,19.083386965998216,2444,1,45.31100130081177,2,False,Pass,-1.0,[56.688125000000014],[],False,{},False,0,0,6.875,19.083386965998216,[6100],"[['Repair gravity_factor, -0.10', 'Repair v_bird_change, 0.00', 'Repair base_life_pig_multiplier, 0.00']]",[False]
0_30_novelty_level_12_type30_non-novelty_type1230,1,9001_Data/StreamingAssets/Levels/novelty_level_0/type1230/Levels/00033_1_0_23_0.xml,5,6110.0,unknown,non-novelty-performance,0,Levels,1,99749.182313526,7.854446254001232,2217,0,0.0,2,False,Pass,-1.0,[4.803750000000008],[],False,{},False,0,0,7.2,7.854446254001232,[6110],[],[False]
0_30_novelty_level_12_type30_non-novelty_type1230,1,9001_Data/StreamingAssets/Levels/novelty_level_0/type1230/Levels/00288_1_0_23_0.xml,6,900.0,unknown,non-novelty-performance,0,Levels,1,99840.342083107,30.16742346600222,9235,0,0.0,0,False,Fail,-1.0,[None],[],False,{},True,0,0,0.0,30.16742346600222,[900],[],[False]
0_30_novelty_level_12_type30_non-novelty_type1230,1,9001_Data/StreamingAssets/Levels/novelty_level_12/type30/Levels/00328_1_0_3_2.xml,7,0.0,unknown,novelty,novelty,Levels,1,99948.181967877,4.094181141001172,2195,1,181.26305770874023,2,False,Fail,-1.0,[109.1380009749],[],False,{},False,0,0,7.525,4.094181141001172,[0],"[['Repair gravity_factor, 0.50', 'Repair v_bird_change, -8.00', 'Repair base_life_pig_multiplier, 0.00']]",[False]
0_30_novelty_level_12_type30_non-novelty_type1230,1,9001_Data/StreamingAssets/Levels/novelty_level_12/type30/Levels/00217_1_0_3_2.xml,8,780.0,unknown,novelty,novelty,Levels,1,100208.493884708,9.156413716002135,2049,1,183.0147521495819,2,False,Fail,-1.0,[82.71787198186667],[],False,{},False,0,0,7.1,9.156413716002135,[780],"[['Repair gravity_factor, 0.00', 'Repair v_bird_change, -7.00', 'Repair base_life_pig_multiplier, 0.00']]",[False]
0_30_novelty_level_12_type30_non-novelty_type1230,1,9001_Data/StreamingAssets/Levels/novelty_level_12/type30/Levels/00231_1_0_3_2.xml,9,1350.0,unknown,novelty,novelty,Levels,1,100483.978153173,8.815602438990027,2307,1,182.15031623840332,2,False,Fail,-1.0,[68.86949853856667],[],False,{},False,0,0,6.625,8.815602438990027,[1350],"[['Repair gravity_factor, 0.00', 'Repair v_bird_change, -8.00', 'Repair base_life_pig_multiplier, 0.00']]",[False]
0_30_novelty_level_12_type30_non-novelty_type1230,1,9001_Data/StreamingAssets/Levels/novelty_level_12/type30/Levels/00285_1_0_3_2.xml,10,6000.0,unknown,novelty,novelty,Levels,1,100756.878039965,4.605774337003822,2191,0,0.0,2,False,Pass,-1.0,[5.136861016199987],[],False,{},False,0,0,6.625,4.605774337003822,[6000],[],[False]
0_30_novelty_level_12_type30_non-novelty_type1230,1,9001_Data/StreamingAssets/Levels/novelty_level_12/type30/Levels/00333_1_0_3_2.xml,11,1100.0,unknown,novelty,novelty,Levels,1,100841.153833592,5.285410820986726,2030,1,16.726356506347656,2,False,Fail,-1.0,[54.5566978734],[],False,{},False,0,0,6.7,5.285410820986726,[1100],"[['Repair gravity_factor, 0.00', 'Repair v_bird_change, 0.00', 'Repair base_life_pig_multiplier, 50.00']]",[False]
0_30_novelty_level_12_type30_non-novelty_type1230,1,9001_Data/StreamingAssets/Levels/novelty_level_12/type30/Levels/00161_1_0_3_2.xml,12,5500.0,unknown,novelty,novelty,Levels,1,100926.426151199,6.481524557995726,2091,1,28.87885093688965,2,False,Pass,-1.0,[54.900933255599995],[],False,{},False,0,0,6.625,6.481524557995726,[5500],"[['Repair gravity_factor, 0.00', 'Repair v_bird_change, 0.00', 'Repair base_life_pig_multiplier, -50.00']]",[False]
0_30_novelty_level_12_type30_non-novelty_type1230,1,9001_Data/StreamingAssets/Levels/novelty_level_12/type30/Levels/00124_1_0_3_2.xml,13,6000.0,unknown,novelty,novelty,Levels,1,101043.389959105,11.005835424002726,2286,1,32.6341757774353,2,False,Pass,-1.0,[54.5566978734],[],False,{},False,0,0,6.575,11.005835424002726,[6000],"[['Repair gravity_factor, 0.00', 'Repair v_bird_change, 0.00', 'Repair base_life_pig_multiplier, 50.00']]",[False]
0_30_novelty_level_12_type30_non-novelty_type1230,1,9001_Data/StreamingAssets/Levels/novelty_level_12/type30/Levels/00292_1_0_3_2.xml,14,340.0,unknown,novelty,novelty,Levels,1,101170.358086045,30.223775938997278,7770,0,0.0,0,False,Fail,-1.0,[None],[],False,{},True,0,0,0.0,30.223775938997278,[340],[],[False]
0_30_novelty_level_12_type30_non-novelty_type1230,1,9001_Data/StreamingAssets/Levels/novelty_level_12/type30/Levels/00237_1_0_3_2.xml,15,1000.0,unknown,novelty,novelty,Levels,1,101266.673902203,6.258052695004153,1958,0,0.0,2,False,Fail,-1.0,[5.136861016199987],[],False,{},False,0,0,6.625,6.258052695004153,[1000],[],[False]
0_30_novelty_level_12_type30_non-novelty_type1230,1,9001_Data/StreamingAssets/Levels/novelty_level_12/type30/Levels/00163_1_0_3_2.xml,16,0.0,unknown,novelty,novelty,Levels,1,101354.454110979,30.221867904998362,14623,0,0.0,0,False,Fail,-1.0,[None],[],False,{},True,0,0,0.0,30.221867904998362,[0],[],[False]
0_30_novelty_level_12_type30_non-novelty_type1230,1,9001_Data/StreamingAssets/Levels/novelty_level_12/type30/Levels/00079_1_0_3_2.xml,17,1890.0,unknown,novelty,novelty,Levels,1,101451.05802616,7.368738799996208,2328,0,0.0,2,False,Fail,-1.0,[7.167327782400008],[],False,{},False,0,0,6.35,7.368738799996208,[1890],[],[False]
0_30_novelty_level_12_type30_non-novelty_type1230,1,9001_Data/StreamingAssets/Levels/novelty_level_12/type30/Levels/00308_1_0_3_2.xml,18,3350.0,unknown,novelty,novelty,Levels,1,101532.906234477,10.082287914003246,2050,0,0.0,2,False,Fail,-1.0,[4.060661721999992],[],False,{},False,0,0,6.55,10.082287914003246,[3350],[],[False]
0_30_novelty_level_12_type30_non-novelty_type1230,1,9001_Data/StreamingAssets/Levels/novelty_level_12/type30/Levels/00235_1_0_3_2.xml,19,6120.0,unknown,novelty,novelty,Levels,1,101626.001980762,4.906294180997065,1887,1,33.53061127662659,2,False,Pass,-1.0,[56.4782641953],[],False,{},False,0,0,6.925,4.906294180997065,[6120],"[['Repair gravity_factor, 0.00', 'Repair v_bird_change, -1.00', 'Repair base_life_pig_multiplier, -50.00']]",[False]
0_30_novelty_level_12_type30_non-novelty_type1230,1,9001_Data/StreamingAssets/Levels/novelty_level_12/type30/Levels/00209_1_0_3_2.xml,20,5500.0,unknown,novelty,novelty,Levels,1,101731.569895296,6.932328174007125,2220,0,0.0,2,False,Pass,-1.0,[3.8067835390000084],[],False,{},False,0,0,6.7,6.932328174007125,[5500],[],[False]
0_30_novelty_level_12_type30_non-novelty_type1230,1,9001_Data/StreamingAssets/Levels/novelty_level_12/type30/Levels/00266_1_0_3_2.xml,21,6000.0,unknown,novelty,novelty,Levels,1,101820.534049819,8.703030165997916,2138,0,0.0,2,False,Pass,-1.0,[3.3395982488000016],[],False,{},False,0,0,6.55,8.703030165997916,[6000],[],[False]
0_30_novelty_level_12_type30_non-novelty_type1230,1,9001_Data/StreamingAssets/Levels/novelty_level_12/type30/Levels/00084_1_0_3_2.xml,22,6000.0,unknown,novelty,novelty,Levels,1,101911.438148929,8.091161325006397,1929,0,0.0,2,False,Pass,-1.0,[3.582560785200002],[],False,{},False,0,0,6.7,8.091161325006397,[6000],[],[False]
0_30_novelty_level_12_type30_non-novelty_type1230,1,9001_Data/StreamingAssets/Levels/novelty_level_12/type30/Levels/00215_1_0_3_2.xml,23,6000.0,unknown,novelty,novelty,Levels,1,102002.338174594,6.871056207004585,1901,0,0.0,2,False,Pass,-1.0,[3.8067835390000084],[],False,{},False,0,0,6.5,6.871056207004585,[6000],[],[False]
0_30_novelty_level_12_type30_non-novelty_type1230,1,9001_Data/StreamingAssets/Levels/novelty_level_12/type30/Levels/00177_1_0_3_2.xml,24,5500.0,unknown,novelty,novelty,Levels,1,102092.26618694,8.009374884990393,1818,0,0.0,2,False,Pass,-1.0,[4.200661364599995],[],False,{},False,0,0,6.65,8.009374884990393,[5500],[],[False]
0_30_novelty_level_12_type30_non-novelty_type1230,1,9001_Data/StreamingAssets/Levels/novelty_level_12/type30/Levels/00032_1_0_3_2.xml,25,1090.0,unknown,novelty,novelty,Levels,1,102182.493881215,6.651882638994721,2300,1,17.011939525604248,2,False,Fail,-1.0,[53.700000003000014],[],False,{},False,0,0,6.475,6.651882638994721,[1090],"[['Repair gravity_factor, 0.00', 'Repair v_bird_change, -1.00', 'Repair base_life_pig_multiplier, 0.00']]",[False]
0_30_novelty_level_12_type30_non-novelty_type1230,1,9001_Data/StreamingAssets/Levels/novelty_level_12/type30/Levels/00202_1_0_3_2.xml,26,6000.0,unknown,novelty,novelty,Levels,1,102271.266007283,4.6850711239967495,1986,0,0.0,2,False,Pass,-1.0,[1.9248524964000069],[],False,{},False,0,0,6.775,4.6850711239967495,[6000],[],[False]
0_30_novelty_level_12_type30_non-novelty_type1230,1,9001_Data/StreamingAssets/Levels/novelty_level_12/type30/Levels/00139_1_0_3_2.xml,27,130.0,unknown,novelty,novelty,Levels,1,102354.746001614,30.263158725996618,7915,0,0.0,0,False,Fail,-1.0,[None],[],False,{},True,0,0,0.0,30.263158725996618,[130],[],[False]
0_30_novelty_level_12_type30_non-novelty_type1230,1,9001_Data/StreamingAssets/Levels/novelty_level_12/type30/Levels/00280_1_0_3_2.xml,28,5500.0,unknown,novelty,novelty,Levels,1,102451.518081964,5.276002590006101,2054,0,0.0,2,False,Pass,-1.0,[2.6019564096000067],[],False,{},False,0,0,6.75,5.276002590006101,[5500],[],[False]
0_30_novelty_level_12_type30_non-novelty_type1230,1,9001_Data/StreamingAssets/Levels/novelty_level_12/type30/Levels/00070_1_0_3_2.xml,29,6000.0,unknown,novelty,novelty,Levels,1,102536.693913245,5.248188758007018,1822,0,0.0,2,False,Pass,-1.0,[2.228867573799988],[],False,{},False,0,0,6.675,5.248188758007018,[6000],[],[False]
0_30_novelty_level_12_type30_non-novelty_type1230,2,9001_Data/StreamingAssets/Levels/novelty_level_0/type1230/Levels/00019_1_0_23_0.xml,0,1100.0,unknown,non-novelty-performance,0,Levels,1,103796.082044641,9.029575745997136,2235,1,75.71559929847717,2,False,Fail,-1.0,[55.844801983999986],[],False,{},False,0,0,7.35,9.029575745997136,[1100],"[['Repair gravity_factor, -0.20', 'Repair v_bird_change, 1.00', 'Repair base_life_pig_multiplier, 0.00']]",[False]
0_30_novelty_level_12_type30_non-novelty_type1230,2,9001_Data/StreamingAssets/Levels/novelty_level_0/type1230/Levels/00146_1_0_23_0.xml,1,1750.0,unknown,non-novelty-performance,0,Levels,1,103963.298170859,30.165383255996858,9323,0,0.0,0,False,Fail,-1.0,[None],[],False,{},True,0,0,0.0,30.165383255996858,[1750],[],[False]
0_30_novelty_level_12_type30_non-novelty_type1230,2,9001_Data/StreamingAssets/Levels/novelty_level_0/type1230/Levels/00184_1_0_23_0.xml,2,6000.0,unknown,non-novelty-performance,0,Levels,1,104071.542465554,8.614743920988985,2517,0,0.0,2,False,Pass,-1.0,[1.538910680300006],[],False,{},False,0,0,7.2,8.614743920988985,[6000],[],[False]
0_30_novelty_level_12_type30_non-novelty_type1230,2,9001_Data/StreamingAssets/Levels/novelty_level_0/type1230/Levels/00063_1_0_23_0.xml,3,5500.0,unknown,non-novelty-performance,0,Levels,1,104162.457915731,5.949693401998957,2137,1,88.24181389808655,2,False,Pass,-1.0,[50.11983958249999],[],False,{},False,0,0,7.7,5.949693401998957,[5500],"[['Repair gravity_factor, 0.00', 'Repair v_bird_change, 0.00', 'Repair base_life_pig_multiplier, 100.00']]",[False]
0_30_novelty_level_12_type30_non-novelty_type1230,2,9001_Data/StreamingAssets/Levels/novelty_level_0/type1230/Levels/00251_1_0_23_0.xml,4,6000.0,unknown,non-novelty-performance,0,Levels,1,104336.986038136,4.71433234300639,1777,1,26.699838638305664,2,False,Pass,-1.0,[50.11983958249999],[],False,{},False,0,0,7.75,4.71433234300639,[6000],"[['Repair gravity_factor, 0.00', 'Repair v_bird_change, 0.00', 'Repair base_life_pig_multiplier, -50.00']]",[False]
0_30_novelty_level_12_type30_non-novelty_type1230,2,9001_Data/StreamingAssets/Levels/novelty_level_0/type1230/Levels/00020_1_0_23_0.xml,5,1870.0,unknown,non-novelty-performance,0,Levels,1,104447.993966963,30.169242048010346,7571,0,0.0,0,False,Fail,-1.0,[None],[],False,{},True,0,0,0.0,30.169242048010346,[1870],[],[False]
0_30_novelty_level_12_type30_non-novelty_type1230,2,9001_Data/StreamingAssets/Levels/novelty_level_0/type1230/Levels/00150_1_0_23_0.xml,6,6090.0,unknown,non-novelty-performance,0,Levels,1,104538.214298467,5.264529132997268,2233,0,0.0,2,False,Pass,-1.0,[0.05261123959999736],[],False,{},False,0,0,7.35,5.264529132997268,[6090],[],[False]
0_30_novelty_level_12_type30_non-novelty_type1230,2,9001_Data/StreamingAssets/Levels/novelty_level_12/type30/Levels/00199_1_0_3_2.xml,7,0.0,unknown,novelty,novelty,Levels,1,104625.102113261,10.723859255987918,2217,1,185.11189341545105,2,False,Fail,-1.0,[109.57866425157142],[],False,{},False,0,0,7.55,10.723859255987918,[0],"[['Repair gravity_factor, 0.60', 'Repair v_bird_change, -2.00', 'Repair base_life_pig_multiplier, 50.00']]",[False]
0_30_novelty_level_12_type30_non-novelty_type1230,2,9001_Data/StreamingAssets/Levels/novelty_level_12/type30/Levels/00334_1_0_3_2.xml,8,860.0,unknown,novelty,novelty,Levels,1,104903.88994031,10.662341550996643,1932,1,182.53957724571228,2,False,Fail,-1.0,[46.42266625297144],[],False,{},False,0,0,7.45,10.662341550996643,[860],"[['Repair gravity_factor, 0.00', 'Repair v_bird_change, -7.00', 'Repair base_life_pig_multiplier, 0.00']]",[False]
0_30_novelty_level_12_type30_non-novelty_type1230,2,9001_Data/StreamingAssets/Levels/novelty_level_12/type30/Levels/00091_1_0_3_2.xml,9,860.0,unknown,novelty,novelty,Levels,1,105183.79021354,8.766866583013325,2370,1,180.58001732826233,2,False,Fail,-1.0,[31.664643595600012],[],False,{},False,0,0,7.0,8.766866583013325,[860],"[['Repair gravity_factor, 0.00', 'Repair v_bird_change, -7.00', 'Repair base_life_pig_multiplier, 0.00']]",[False]
0_30_novelty_level_12_type30_non-novelty_type1230,2,9001_Data/StreamingAssets/Levels/novelty_level_12/type30/Levels/00151_1_0_3_2.xml,10,5500.0,unknown,novelty,novelty,Levels,1,105456.277903063,8.560799553000834,1934,1,183.05787253379822,2,False,Pass,-1.0,[69.4718106951],[],False,{},False,0,0,7.15,8.560799553000834,[5500],"[['Repair gravity_factor, 0.10', 'Repair v_bird_change, -7.00', 'Repair base_life_pig_multiplier, -50.00']]",[False]
0_30_novelty_level_12_type30_non-novelty_type1230,2,9001_Data/StreamingAssets/Levels/novelty_level_12/type30/Levels/00260_1_0_3_2.xml,11,0.0,unknown,novelty,novelty,Levels,1,105730.453976117,30.21756714199728,11975,0,0.0,0,False,Fail,-1.0,[None],[],False,{},True,0,0,0.0,30.21756714199728,[0],[],[False]
0_30_novelty_level_12_type30_non-novelty_type1230,2,9001_Data/StreamingAssets/Levels/novelty_level_12/type30/Levels/00324_1_0_3_2.xml,12,690.0,unknown,novelty,novelty,Levels,1,105837.938016378,30.215463621992967,10968,0,0.0,0,False,Fail,-1.0,[None],[],False,{},True,0,0,0.0,30.215463621992967,[690],[],[False]
0_30_novelty_level_12_type30_non-novelty_type1230,2,9001_Data/StreamingAssets/Levels/novelty_level_12/type30/Levels/00067_1_0_3_2.xml,13,1870.0,unknown,novelty,novelty,Levels,1,105929.485854654,6.383939071005443,2231,1,27.251140594482422,2,False,Fail,-1.0,[54.26607468949999],[],False,{},False,0,0,6.4,6.383939071005443,[1870],"[['Repair gravity_factor, 0.00', 'Repair v_bird_change, -1.00', 'Repair base_life_pig_multiplier, 0.00']]",[False]
0_30_novelty_level_12_type30_non-novelty_type1230,2,9001_Data/StreamingAssets/Levels/novelty_level_12/type30/Levels/00266_1_0_3_2.xml,14,6000.0,unknown,novelty,novelty,Levels,1,106044.277859493,8.144185084995115,1874,1,32.43432545661926,2,False,Pass,-1.0,[53.5580648488],[],False,{},False,0,0,6.575,8.144185084995115,[6000],"[['Repair gravity_factor, 0.00', 'Repair v_bird_change, 0.00', 'Repair base_life_pig_multiplier, -50.00']]",[False]
0_30_novelty_level_12_type30_non-novelty_type1230,2,9001_Data/StreamingAssets/Levels/novelty_level_12/type30/Levels/00082_1_0_3_2.xml,15,1000.0,unknown,novelty,novelty,Levels,1,106167.366027064,30.204935704998206,9153,0,0.0,0,False,Fail,-1.0,[None],[],False,{},True,0,0,0.0,30.204935704998206,[1000],[],[False]
0_30_novelty_level_12_type30_non-novelty_type1230,2,9001_Data/StreamingAssets/Levels/novelty_level_12/type30/Levels/00014_1_0_3_2.xml,16,300.0,unknown,novelty,novelty,Levels,1,106276.473900453,30.22392714500893,10822,0,0.0,0,False,Fail,-1.0,[None],[],False,{},True,0,0,0.0,30.22392714500893,[300],[],[False]
0_30_novelty_level_12_type30_non-novelty_type1230,2,9001_Data/StreamingAssets/Levels/novelty_level_12/type30/Levels/00304_1_0_3_2.xml,17,6000.0,unknown,novelty,novelty,Levels,1,106377.453971831,7.262901474998216,1805,0,0.0,2,False,Pass,-1.0,[3.7297272120000002],[],False,{},False,0,0,6.675,7.262901474998216,[6000],[],[False]
0_30_novelty_level_12_type30_non-novelty_type1230,2,9001_Data/StreamingAssets/Levels/novelty_level_12/type30/Levels/00222_1_0_3_2.xml,18,730.0,unknown,novelty,novelty,Levels,1,106467.049930877,30.23750712000765,12183,0,0.0,0,False,Fail,-1.0,[None],[],False,{},True,0,0,0.0,30.23750712000765,[730],[],[False]
0_30_novelty_level_12_type30_non-novelty_type1230,2,9001_Data/StreamingAssets/Levels/novelty_level_12/type30/Levels/00187_1_0_3_2.xml,19,6000.0,unknown,novelty,novelty,Levels,1,106575.182036448,9.319487663990003,1920,0,0.0,2,False,Pass,-1.0,[4.419743874000005],[],False,{},False,0,0,6.7,9.319487663990003,[6000],[],[False]
0_30_novelty_level_12_type30_non-novelty_type1230,2,9001_Data/StreamingAssets/Levels/novelty_level_12/type30/Levels/00025_1_0_3_2.xml,20,1000.0,unknown,novelty,novelty,Levels,1,106664.073945403,9.543034920003265,2284,1,25.22308087348938,2,False,Fail,-1.0,[53.91076922880001],[],False,{},False,0,0,6.35,9.543034920003265,[1000],"[['Repair gravity_factor, 0.00', 'Repair v_bird_change, -1.00', 'Repair base_life_pig_multiplier, 0.00']]",[False]
0_30_novelty_level_12_type30_non-novelty_type1230,2,9001_Data/StreamingAssets/Levels/novelty_level_12/type30/Levels/00165_1_0_3_2.xml,21,5500.0,unknown,novelty,novelty,Levels,1,106775.378017897,5.785142136999639,2176,0,0.0,2,False,Pass,-1.0,[2.2585352430000114],[],False,{},False,0,0,6.675,5.785142136999639,[5500],[],[False]
0_30_novelty_level_12_type30_non-novelty_type1230,2,9001_Data/StreamingAssets/Levels/novelty_level_12/type30/Levels/00285_1_0_3_2.xml,22,6000.0,unknown,novelty,novelty,Levels,1,106857.058121701,4.702821507002227,1948,0,0.0,2,False,Pass,-1.0,[2.2585352430000114],[],False,{},False,0,0,6.525,4.702821507002227,[6000],[],[False]
0_30_novelty_level_12_type30_non-novelty_type1230,2,9001_Data/StreamingAssets/Levels/novelty_level_12/type30/Levels/00044_1_0_3_2.xml,23,6000.0,unknown,novelty,novelty,Levels,1,106941.373962003,5.788166958009242,2222,0,0.0,2,False,Pass,-1.0,[2.2585352430000114],[],False,{},False,0,0,6.625,5.788166958009242,[6000],[],[False]
0_30_novelty_level_12_type30_non-novelty_type1230,2,9001_Data/StreamingAssets/Levels/novelty_level_12/type30/Levels/00003_1_0_3_2.xml,24,5500.0,unknown,novelty,novelty,Levels,1,107016.661883418,4.981653501992696,2103,0,0.0,2,False,Pass,-1.0,[2.156977354199995],[],False,{},False,0,0,6.725,4.981653501992696,[5500],[],[False]
0_30_novelty_level_12_type30_non-novelty_type1230,2,9001_Data/StreamingAssets/Levels/novelty_level_12/type30/Levels/00062_1_0_3_2.xml,25,0.0,unknown,novelty,novelty,Levels,1,107093.305861902,30.24801814100647,11633,0,0.0,0,False,Fail,-1.0,[None],[],False,{},True,0,0,0.0,30.24801814100647,[0],[],[False]
0_30_novelty_level_12_type30_non-novelty_type1230,2,9001_Data/StreamingAssets/Levels/novelty_level_12/type30/Levels/00294_1_0_3_2.xml,26,20.0,unknown,novelty,novelty,Levels,1,107200.113949039,30.234890854000696,10213,0,0.0,0,False,Fail,-1.0,[None],[],False,{},True,0,0,0.0,30.234890854000696,[20],[],[False]
0_30_novelty_level_12_type30_non-novelty_type1230,2,9001_Data/StreamingAssets/Levels/novelty_level_12/type30/Levels/00305_1_0_3_2.xml,27,6000.0,unknown,novelty,novelty,Levels,1,107302.710042883,5.607876698006294,1980,0,0.0,2,False,Pass,-1.0,[2.7372031742000047],[],False,{},False,0,0,6.725,5.607876698006294,[6000],[],[False]
0_30_novelty_level_12_type30_non-novelty_type1230,2,9001_Data/StreamingAssets/Levels/novelty_level_12/type30/Levels/00074_1_0_3_2.xml,28,820.0,unknown,novelty,novelty,Levels,1,107384.882114884,30.26896858899272,8502,0,0.0,0,False,Fail,-1.0,[None],[],False,{},True,0,0,0.0,30.26896858899272,[820],[],[False]
0_30_novelty_level_12_type30_non-novelty_type1230,2,9001_Data/StreamingAssets/Levels/novelty_level_12/type30/Levels/00207_1_0_3_2.xml,29,6000.0,unknown,novelty,novelty,Levels,1,107487.389913744,5.739975470001809,2101,0,0.0,2,False,Pass,-1.0,[2.4945121975000006],[],False,{},False,0,0,6.4,5.739975470001809,[6000],[],[False]
0_30_novelty_level_12_type30_non-novelty_type1230,3,9001_Data/StreamingAssets/Levels/novelty_level_0/type1230/Levels/00214_1_0_23_0.xml,0,6100.0,unknown,non-novelty-performance,0,Levels,1,110116.769923409,4.158382130000973,2075,0,0.0,2,False,Pass,-1.0,[5.927425656600008],[],False,{},False,0,0,7.15,4.158382130000973,[6100],[],[False]
0_30_novelty_level_12_type30_non-novelty_type1230,3,9001_Data/StreamingAssets/Levels/novelty_level_0/type1230/Levels/00090_1_0_23_0.xml,1,840.0,unknown,non-novelty-performance,0,Levels,1,110203.518132852,30.189123700998607,6980,0,0.0,0,False,Fail,-1.0,[None],[],False,{},True,0,0,0.0,30.189123700998607,[840],[],[False]
0_30_novelty_level_12_type30_non-novelty_type1230,3,9001_Data/StreamingAssets/Levels/novelty_level_0/type1230/Levels/00058_1_0_23_0.xml,2,1660.0,unknown,non-novelty-performance,0,Levels,1,110311.114070518,30.167751405009767,9696,0,0.0,0,False,Fail,-1.0,[None],[],False,{},True,0,0,0.0,30.167751405009767,[1660],[],[False]
0_30_novelty_level_12_type30_non-novelty_type1230,3,9001_Data/StreamingAssets/Levels/novelty_level_0/type1230/Levels/00316_1_0_23_0.xml,3,930.0,unknown,non-novelty-performance,0,Levels,1,110420.282046567,7.0685548309993464,2215,1,65.94030570983887,2,False,Fail,-1.0,[55.92742565660001],[],False,{},False,0,0,7.375,7.0685548309993464,[930],"[['Repair gravity_factor, -0.20', 'Repair v_bird_change, 1.00', 'Repair base_life_pig_multiplier, 0.00']]",[False]
0_30_novelty_level_12_type30_non-novelty_type1230,3,9001_Data/StreamingAssets/Levels/novelty_level_0/type1230/Levels/00251_1_0_23_0.xml,4,6000.0,unknown,non-novelty-performance,0,Levels,1,110574.846009286,6.055850314995041,2127,0,0.0,2,False,Pass,-1.0,[0.11983958249999205],[],False,{},False,0,0,7.725,6.055850314995041,[6000],[],[False]
0_30_novelty_level_12_type30_non-novelty_type1230,3,9001_Data/StreamingAssets/Levels/novelty_level_0/type1230/Levels/00287_1_0_23_0.xml,5,5500.0,unknown,non-novelty-performance,0,Levels,1,110663.313919971,6.560337269009324,2120,1,30.443257331848145,2,False,Pass,-1.0,[50.146036582600004],[],False,{},False,0,0,7.25,6.560337269009324,[5500],"[['Repair gravity_factor, 0.00', 'Repair v_bird_change, -1.00', 'Repair base_life_pig_multiplier, 0.00']]",[False]
0_30_novelty_level_12_type30_non-novelty_type1230,3,9001_Data/StreamingAssets/Levels/novelty_level_0/type1230/Levels/00059_1_0_23_0.xml,6,6000.0,unknown,non-novelty-performance,0,Levels,1,110783.137880484,6.129377158998977,2271,0,0.0,2,False,Pass,-1.0,[2.4756511999999873],[],False,{},False,0,0,7.125,6.129377158998977,[6000],[],[False]
0_30_novelty_level_12_type30_non-novelty_type1230,3,9001_Data/StreamingAssets/Levels/novelty_level_12/type30/Levels/00250_1_0_3_2.xml,7,500.0,unknown,novelty,novelty,Levels,1,110871.102185894,6.902477398005431,2217,1,183.61781215667725,2,False,Fail,-1.0,[110.063077233],[],False,{},False,0,0,7.7,6.902477398005431,[500],"[['Repair gravity_factor, 0.50', 'Repair v_bird_change, -3.00', 'Repair base_life_pig_multiplier, 0.00']]",[False]
0_30_novelty_level_12_type30_non-novelty_type1230,3,9001_Data/StreamingAssets/Levels/novelty_level_12/type30/Levels/00128_1_0_3_2.xml,8,170.0,unknown,novelty,novelty,Levels,1,111144.950126407,11.095837849003146,2463,1,181.27481889724731,2,False,Fail,-1.0,[90.71020614166665],[],False,{},False,0,0,7.025,11.095837849003146,[170],"[['Repair gravity_factor, 0.00', 'Repair v_bird_change, -8.00', 'Repair base_life_pig_multiplier, 0.00']]",[False]
0_30_novelty_level_12_type30_non-novelty_type1230,3,9001_Data/StreamingAssets/Levels/novelty_level_12/type30/Levels/00115_1_0_3_2.xml,9,800.0,unknown,novelty,novelty,Levels,1,111408.486229123,20.435251489994698,3949,1,182.29492163658142,2,False,Fail,-1.0,[78.60629264636667],[],False,{},False,0,0,7.075,20.435251489994698,[800],"[['Repair gravity_factor, 0.10', 'Repair v_bird_change, -6.00', 'Repair base_life_pig_multiplier, 0.00']]",[False]
0_30_novelty_level_12_type30_non-novelty_type1230,3,9001_Data/StreamingAssets/Levels/novelty_level_12/type30/Levels/00067_1_0_3_2.xml,10,880.0,unknown,novelty,novelty,Levels,1,111691.522564152,7.722879920998821,2260,1,160.6996204853058,2,False,Fail,-1.0,[67.43884135213334],[],False,{},False,0,0,6.6,7.722879920998821,[880],"[['Repair gravity_factor, 0.00', 'Repair v_bird_change, -7.00', 'Repair base_life_pig_multiplier, 0.00']]",[False]
0_30_novelty_level_12_type30_non-novelty_type1230,3,9001_Data/StreamingAssets/Levels/novelty_level_12/type30/Levels/00141_1_0_3_2.xml,11,6000.0,unknown,novelty,novelty,Levels,1,111943.658097133,13.488012321002316,2199,1,43.81466841697693,2,False,Pass,-1.0,[53.21137297749999],[],False,{},False,0,0,6.4,13.488012321002316,[6000],"[['Repair gravity_factor, 0.00', 'Repair v_bird_change, 0.00', 'Repair base_life_pig_multiplier, 50.00']]",[False]
0_30_novelty_level_12_type30_non-novelty_type1230,3,9001_Data/StreamingAssets/Levels/novelty_level_12/type30/Levels/00045_1_0_3_2.xml,12,0.0,unknown,novelty,novelty,Levels,1,112088.758291544,30.248790055993595,6250,0,0.0,0,False,Fail,-1.0,[None],[],False,{},True,0,0,0.0,30.248790055993595,[0],[],[False]
0_30_novelty_level_12_type30_non-novelty_type1230,3,9001_Data/StreamingAssets/Levels/novelty_level_12/type30/Levels/00176_1_0_3_2.xml,13,0.0,unknown,novelty,novelty,Levels,1,112181.922442346,30.273359869010164,6305,0,0.0,0,False,Fail,-1.0,[None],[],False,{},True,0,0,0.0,30.273359869010164,[0],[],[False]
0_30_novelty_level_12_type30_non-novelty_type1230,3,9001_Data/StreamingAssets/Levels/novelty_level_12/type30/Levels/00282_1_0_3_2.xml,14,1090.0,unknown,novelty,novelty,Levels,1,112293.1221655,16.96261595400574,2293,0,0.0,2,False,Fail,-1.0,[3.7000000030000137],[],False,{},False,0,0,6.4,16.96261595400574,[1090],[],[False]
0_30_novelty_level_12_type30_non-novelty_type1230,3,9001_Data/StreamingAssets/Levels/novelty_level_12/type30/Levels/00198_1_0_3_2.xml,15,5500.0,unknown,novelty,novelty,Levels,1,112383.213910782,6.3374372590042185,1978,1,29.45735239982605,2,False,Pass,-1.0,[53.01233577720001],[],False,{},False,0,0,6.5,6.3374372590042185,[5500],"[['Repair gravity_factor, 0.00', 'Repair v_bird_change, 0.00', 'Repair base_life_pig_multiplier, -50.00']]",[False]
0_30_novelty_level_12_type30_non-novelty_type1230,3,9001_Data/StreamingAssets/Levels/novelty_level_12/type30/Levels/00303_1_0_3_2.xml,16,60.0,unknown,novelty,novelty,Levels,1,112501.686078439,30.24477972900786,5077,0,0.0,0,False,Fail,-1.0,[None],[],False,{},True,0,0,0.0,30.24477972900786,[60],[],[False]
0_30_novelty_level_12_type30_non-novelty_type1230,3,9001_Data/StreamingAssets/Levels/novelty_level_12/type30/Levels/00212_1_0_3_2.xml,17,6000.0,unknown,novelty,novelty,Levels,1,112588.694545217,14.677176979996148,2097,0,0.0,2,False,Pass,-1.0,[3.508920192900007],[],False,{},False,0,0,6.7,14.677176979996148,[6000],[],[False]
0_30_novelty_level_12_type30_non-novelty_type1230,3,9001_Data/StreamingAssets/Levels/novelty_level_12/type30/Levels/00271_1_0_3_2.xml,18,390.0,unknown,novelty,novelty,Levels,1,112691.286205059,30.280221128006815,5280,0,0.0,0,False,Fail,-1.0,[None],[],False,{},True,0,0,0.0,30.280221128006815,[390],[],[False]
0_30_novelty_level_12_type30_non-novelty_type1230,3,9001_Data/StreamingAssets/Levels/novelty_level_12/type30/Levels/00260_1_0_3_2.xml,19,0.0,unknown,novelty,novelty,Levels,1,112804.230213113,30.267409971987945,8050,0,0.0,0,False,Fail,-1.0,[None],[],False,{},True,0,0,0.0,30.267409971987945,[0],[],[False]
0_30_novelty_level_12_type30_non-novelty_type1230,3,9001_Data/StreamingAssets/Levels/novelty_level_12/type30/Levels/00289_1_0_3_2.xml,20,1000.0,unknown,novelty,novelty,Levels,1,112902.630327911,7.903340696997475,2006,0,0.0,2,False,Fail,-1.0,[3.211372977499991],[],False,{},False,0,0,6.625,7.903340696997475,[1000],[],[False]
0_30_novelty_level_12_type30_non-novelty_type1230,3,9001_Data/StreamingAssets/Levels/novelty_level_12/type30/Levels/00043_1_0_3_2.xml,21,6000.0,unknown,novelty,novelty,Levels,1,112988.986067027,10.876488305002567,2176,0,0.0,2,False,Pass,-1.0,[3.582560785200002],[],False,{},False,0,0,6.725,10.876488305002567,[6000],[],[False]
0_30_novelty_level_12_type30_non-novelty_type1230,3,9001_Data/StreamingAssets/Levels/novelty_level_12/type30/Levels/00194_1_0_3_2.xml,22,0.0,unknown,novelty,novelty,Levels,1,113071.818291128,30.290208639999037,8763,0,0.0,0,False,Fail,-1.0,[None],[],False,{},True,0,0,0.0,30.290208639999037,[0],[],[False]
0_30_novelty_level_12_type30_non-novelty_type1230,3,9001_Data/StreamingAssets/Levels/novelty_level_12/type30/Levels/00030_1_0_3_2.xml,23,0.0,unknown,novelty,novelty,Levels,1,113172.565955183,30.257062372009386,9612,0,0.0,0,False,Fail,-1.0,[None],[],False,{},True,0,0,0.0,30.257062372009386,[0],[],[False]
0_30_novelty_level_12_type30_non-novelty_type1230,3,9001_Data/StreamingAssets/Levels/novelty_level_12/type30/Levels/00157_1_0_3_2.xml,24,1080.0,unknown,novelty,novelty,Levels,1,113282.354177851,6.7936087749985745,2029,1,22.46379327774048,2,False,Fail,-1.0,[53.39239781399999],[],False,{},False,0,0,6.45,6.7936087749985745,[1080],"[['Repair gravity_factor, 0.00', 'Repair v_bird_change, -1.00', 'Repair base_life_pig_multiplier, 0.00']]",[False]
0_30_novelty_level_12_type30_non-novelty_type1230,3,9001_Data/StreamingAssets/Levels/novelty_level_12/type30/Levels/00164_1_0_3_2.xml,25,6000.0,unknown,novelty,novelty,Levels,1,113373.094373571,11.342687376993126,1893,0,0.0,2,False,Pass,-1.0,[2.228867573799988],[],False,{},False,0,0,6.725,11.342687376993126,[6000],[],[False]
0_30_novelty_level_12_type30_non-novelty_type1230,3,9001_Data/StreamingAssets/Levels/novelty_level_12/type30/Levels/00012_1_0_3_2.xml,26,1010.0,unknown,novelty,novelty,Levels,1,113459.918274716,11.19625481699768,2306,0,0.0,2,False,Fail,-1.0,[4.102055132599986],[],False,{},False,0,0,6.225,11.19625481699768,[1010],[],[False]
0_30_novelty_level_12_type30_non-novelty_type1230,3,9001_Data/StreamingAssets/Levels/novelty_level_12/type30/Levels/00326_1_0_3_2.xml,27,0.0,unknown,novelty,novelty,Levels,1,113558.254075315,30.274608094987343,5196,0,0.0,0,False,Fail,-1.0,[None],[],False,{},True,0,0,0.0,30.274608094987343,[0],[],[False]
0_30_novelty_level_12_type30_non-novelty_type1230,3,9001_Data/StreamingAssets/Levels/novelty_level_12/type30/Levels/00083_1_0_3_2.xml,28,6000.0,unknown,novelty,novelty,Levels,1,113643.894017936,7.0019821820023935,2001,0,0.0,2,False,Pass,-1.0,[1.9248524964000069],[],False,{},False,0,0,6.6,7.0019821820023935,[6000],[],[False]
0_30_novelty_level_12_type30_non-novelty_type1230,3,9001_Data/StreamingAssets/Levels/novelty_level_12/type30/Levels/00261_1_0_3_2.xml,29,6000.0,unknown,novelty,novelty,Levels,1,113734.258282115,13.81213640900387,2264,0,0.0,2,False,Pass,-1.0,[1.4911388525000007],[],False,{},False,0,0,6.5,13.81213640900387,[6000],[],[False]
0_30_novelty_level_12_type30_non-novelty_type1230,0,9001_Data/StreamingAssets/Levels/novelty_level_0/type1230/Levels/00060_1_0_23_0.xml,0,840.0,unknown,non-novelty-performance,0,Levels,1,120806.062305944,30.199300922002294,5183,0,0.0,0,False,Fail,-1.0,[None],[],False,{},True,0,0,0.0,30.199300922002294,[840],[],[False]
0_30_novelty_level_12_type30_non-novelty_type1230,0,9001_Data/StreamingAssets/Levels/novelty_level_0/type1230/Levels/00092_1_0_23_0.xml,1,6040.0,unknown,non-novelty-performance,0,Levels,1,120916.910235243,6.928530019999016,2119,0,0.0,2,False,Pass,-1.0,[5.849196567999996],[],False,{},False,0,0,7.375,6.928530019999016,[6040],[],[False]
0_30_novelty_level_12_type30_non-novelty_type1230,0,9001_Data/StreamingAssets/Levels/novelty_level_0/type1230/Levels/00090_1_0_23_0.xml,2,860.0,unknown,non-novelty-performance,0,Levels,1,121006.626263017,30.213198315002955,7377,0,0.0,0,False,Fail,-1.0,[None],[],False,{},True,0,0,0.0,30.213198315002955,[860],[],[False]
0_30_novelty_level_12_type30_non-novelty_type1230,0,9001_Data/StreamingAssets/Levels/novelty_level_0/type1230/Levels/00203_1_0_23_0.xml,3,6000.0,unknown,non-novelty-performance,0,Levels,1,121117.482262606,6.136456159991212,1939,0,0.0,2,False,Pass,-1.0,[5.866849800000011],[],False,{},False,0,0,7.225,6.136456159991212,[6000],[],[False]
0_30_novelty_level_12_type30_non-novelty_type1230,0,9001_Data/StreamingAssets/Levels/novelty_level_0/type1230/Levels/00173_1_0_23_0.xml,4,880.0,unknown,non-novelty-performance,0,Levels,1,121208.541962686,30.20714097499149,5737,0,0.0,0,False,Fail,-1.0,[None],[],False,{},True,0,0,0.0,30.20714097499149,[880],[],[False]
0_30_novelty_level_12_type30_non-novelty_type1230,0,9001_Data/StreamingAssets/Levels/novelty_level_0/type1230/Levels/00339_1_0_23_0.xml,5,6000.0,unknown,non-novelty-performance,0,Levels,1,121319.142039851,6.375947596010519,1976,0,0.0,2,False,Pass,-1.0,[5.866849800000011],[],False,{},False,0,0,7.25,6.375947596010519,[6000],[],[False]
0_30_novelty_level_12_type30_non-novelty_type1230,0,9001_Data/StreamingAssets/Levels/novelty_level_0/type1230/Levels/00323_1_0_23_0.xml,6,500.0,unknown,non-novelty-performance,0,Levels,1,121408.64215092,6.789817994998884,2135,1,128.30496382713318,2,False,Fail,-1.0,[55.849196567999996],[],False,{},False,0,0,7.25,6.789817994998884,[500],"[['Repair gravity_factor, -0.20', 'Repair v_bird_change, -1.00', 'Repair base_life_pig_multiplier, 100.00']]",[False]
0_30_novelty_level_12_type30_non-novelty_type1230,0,9001_Data/StreamingAssets/Levels/novelty_level_12/type30/Levels/00044_1_0_3_2.xml,7,0.0,unknown,novelty,novelty,Levels,1,121626.478189112,6.607728748000227,2151,1,182.52153897285461,2,False,Fail,-1.0,[59.411357282933345],[],False,{},False,0,0,7.675,6.607728748000227,[0],"[['Repair gravity_factor, 0.50', 'Repair v_bird_change, -3.00', 'Repair base_life_pig_multiplier, 0.00']]",[False]
0_30_novelty_level_12_type30_non-novelty_type1230,0,9001_Data/StreamingAssets/Levels/novelty_level_12/type30/Levels/00034_1_0_3_2.xml,8,530.0,unknown,novelty,novelty,Levels,1,121899.262312691,6.177001966003445,2103,1,183.13511204719543,2,False,Fail,-1.0,[43.27088075093334],[],False,{},False,0,0,7.35,6.177001966003445,[530],"[['Repair gravity_factor, 0.00', 'Repair v_bird_change, -8.00', 'Repair base_life_pig_multiplier, 0.00']]",[False]
0_30_novelty_level_12_type30_non-novelty_type1230,0,9001_Data/StreamingAssets/Levels/novelty_level_12/type30/Levels/00143_1_0_3_2.xml,9,1490.0,unknown,novelty,novelty,Levels,1,122172.266304507,9.48488063699915,1967,1,181.3217475414276,2,False,Fail,-1.0,[27.71056242329999],[],False,{},False,0,0,7.175,9.48488063699915,[1490],"[['Repair gravity_factor, 0.10', 'Repair v_bird_change, -6.00', 'Repair base_life_pig_multiplier, 0.00']]",[False]
0_30_novelty_level_12_type30_non-novelty_type1230,0,9001_Data/StreamingAssets/Levels/novelty_level_12/type30/Levels/00338_1_0_3_2.xml,10,5500.0,unknown,novelty,novelty,Levels,1,122447.586370756,12.877982908001286,2396,1,184.93499374389648,2,False,Pass,-1.0,[63.68568624369999],[],False,{},False,0,0,6.875,12.877982908001286,[5500],"[['Repair gravity_factor, 0.10', 'Repair v_bird_change, -4.00', 'Repair base_life_pig_multiplier, -50.00']]",[False]
0_30_novelty_level_12_type30_non-novelty_type1230,0,9001_Data/StreamingAssets/Levels/novelty_level_12/type30/Levels/00124_1_0_3_2.xml,11,6000.0,unknown,novelty,novelty,Levels,1,122730.402051292,12.983780777998618,2210,1,38.49986219406128,2,False,Pass,-1.0,[54.760434962999994],[],False,{},False,0,0,6.575,12.983780777998618,[6000],"[['Repair gravity_factor, 0.00', 'Repair v_bird_change, -1.00', 'Repair base_life_pig_multiplier, 0.00']]",[False]
0_30_novelty_level_12_type30_non-novelty_type1230,0,9001_Data/StreamingAssets/Levels/novelty_level_12/type30/Levels/00233_1_0_3_2.xml,12,6000.0,unknown,novelty,novelty,Levels,1,122868.129902398,5.73785256499832,1926,0,0.0,2,False,Pass,-1.0,[4.020426828000012],[],False,{},False,0,0,6.5,5.73785256499832,[6000],[],[False]
0_30_novelty_level_12_type30_non-novelty_type1230,0,9001_Data/StreamingAssets/Levels/novelty_level_12/type30/Levels/00301_1_0_3_2.xml,13,820.0,unknown,novelty,novelty,Levels,1,122955.822285924,30.24752121999336,7438,0,0.0,0,False,Fail,-1.0,[None],[],False,{},True,0,0,0.0,30.24752121999336,[820],[],[False]
0_30_novelty_level_12_type30_non-novelty_type1230,0,9001_Data/StreamingAssets/Levels/novelty_level_12/type30/Levels/00306_1_0_3_2.xml,14,6000.0,unknown,novelty,novelty,Levels,1,123037.906613881,10.446454852004535,2228,1,25.955665349960327,2,False,Pass,-1.0,[53.7962360162],[],False,{},False,0,0,6.675,10.446454852004535,[6000],"[['Repair gravity_factor, 0.00', 'Repair v_bird_change, 0.00', 'Repair base_life_pig_multiplier, -50.00']]",[False]
0_30_novelty_level_12_type30_non-novelty_type1230,0,9001_Data/StreamingAssets/Levels/novelty_level_12/type30/Levels/00275_1_0_3_2.xml,15,320.0,unknown,novelty,novelty,Levels,1,123145.557961814,30.236873813992133,7012,0,0.0,0,False,Fail,-1.0,[None],[],False,{},True,0,0,0.0,30.236873813992133,[320],[],[False]
0_30_novelty_level_12_type30_non-novelty_type1230,0,9001_Data/StreamingAssets/Levels/novelty_level_12/type30/Levels/00040_1_0_3_2.xml,16,0.0,unknown,novelty,novelty,Levels,1,123255.490381552,30.26600072599831,6647,0,0.0,0,False,Fail,-1.0,[None],[],False,{},True,0,0,0.0,30.26600072599831,[0],[],[False]
0_30_novelty_level_12_type30_non-novelty_type1230,0,9001_Data/StreamingAssets/Levels/novelty_level_12/type30/Levels/00260_1_0_3_2.xml,17,0.0,unknown,novelty,novelty,Levels,1,123364.946161184,30.244042823003838,9366,0,0.0,0,False,Fail,-1.0,[None],[],False,{},True,0,0,0.0,30.244042823003838,[0],[],[False]
0_30_novelty_level_12_type30_non-novelty_type1230,0,9001_Data/StreamingAssets/Levels/novelty_level_12/type30/Levels/00156_1_0_3_2.xml,18,5500.0,unknown,novelty,novelty,Levels,1,123474.082002228,11.759725889001857,2260,1,35.109885692596436,2,False,Pass,-1.0,[53.04548938880001],[],False,{},False,0,0,6.375,11.759725889001857,[5500],"[['Repair gravity_factor, 0.00', 'Repair v_bird_change, 0.00', 'Repair base_life_pig_multiplier, -50.00']]",[False]
0_30_novelty_level_12_type30_non-novelty_type1230,0,9001_Data/StreamingAssets/Levels/novelty_level_12/type30/Levels/00327_1_0_3_2.xml,19,6000.0,unknown,novelty,novelty,Levels,1,123606.361931466,5.895694580001873,1934,0,0.0,2,False,Pass,-1.0,[4.024876238800005],[],False,{},False,0,0,6.8,5.895694580001873,[6000],[],[False]
0_30_novelty_level_12_type30_non-novelty_type1230,0,9001_Data/StreamingAssets/Levels/novelty_level_12/type30/Levels/00230_1_0_3_2.xml,20,1000.0,unknown,novelty,novelty,Levels,1,123689.88230501,11.879100694000954,2071,1,38.13050198554993,2,False,Fail,-1.0,[53.23306419350001],[],False,{},False,0,0,6.625,11.879100694000954,[1000],"[['Repair gravity_factor, 0.00', 'Repair v_bird_change, 0.00', 'Repair base_life_pig_multiplier, 50.00']]",[False]
0_30_novelty_level_12_type30_non-novelty_type1230,0,9001_Data/StreamingAssets/Levels/novelty_level_12/type30/Levels/00165_1_0_3_2.xml,21,6000.0,unknown,novelty,novelty,Levels,1,123823.282259212,5.955262261995813,1942,0,0.0,2,False,Pass,-1.0,[3.558064848800001],[],False,{},False,0,0,6.75,5.955262261995813,[6000],[],[False]
0_30_novelty_level_12_type30_non-novelty_type1230,0,9001_Data/StreamingAssets/Levels/novelty_level_12/type30/Levels/00092_1_0_3_2.xml,22,6000.0,unknown,novelty,novelty,Levels,1,123912.530237974,8.60345394500473,1839,0,0.0,2,False,Pass,-1.0,[3.796236016199998],[],False,{},False,0,0,6.475,8.60345394500473,[6000],[],[False]
0_30_novelty_level_12_type30_non-novelty_type1230,0,9001_Data/StreamingAssets/Levels/novelty_level_12/type30/Levels/00324_1_0_3_2.xml,23,1000.0,unknown,novelty,novelty,Levels,1,124004.530075021,7.83655105199432,2310,0,0.0,2,False,Fail,-1.0,[3.1624268479999955],[],False,{},False,0,0,6.45,7.83655105199432,[1000],[],[False]
0_30_novelty_level_12_type30_non-novelty_type1230,0,9001_Data/StreamingAssets/Levels/novelty_level_12/type30/Levels/00021_1_0_3_2.xml,24,0.0,unknown,novelty,novelty,Levels,1,124088.146373556,30.27229961899866,5471,0,0.0,0,False,Fail,-1.0,[None],[],False,{},True,0,0,0.0,30.27229961899866,[0],[],[False]
0_30_novelty_level_12_type30_non-novelty_type1230,0,9001_Data/StreamingAssets/Levels/novelty_level_12/type30/Levels/00004_1_0_3_2.xml,25,5500.0,unknown,novelty,novelty,Levels,1,124198.566351618,14.095180282994988,2282,0,0.0,2,False,Pass,-1.0,[3.6031091915000104],[],False,{},False,0,0,6.475,14.095180282994988,[5500],[],[False]
0_30_novelty_level_12_type30_non-novelty_type1230,0,9001_Data/StreamingAssets/Levels/novelty_level_12/type30/Levels/00038_1_0_3_2.xml,26,1000.0,unknown,novelty,novelty,Levels,1,124299.334328915,8.506279146007728,1977,1,33.166638135910034,2,False,Fail,-1.0,[53.23306419350001],[],False,{},False,0,0,6.625,8.506279146007728,[1000],"[['Repair gravity_factor, 0.00', 'Repair v_bird_change, -1.00', 'Repair base_life_pig_multiplier, 0.00']]",[False]
0_30_novelty_level_12_type30_non-novelty_type1230,0,9001_Data/StreamingAssets/Levels/novelty_level_12/type30/Levels/00188_1_0_3_2.xml,27,6000.0,unknown,novelty,novelty,Levels,1,124425.130215123,11.387303149997024,1852,0,0.0,2,False,Pass,-1.0,[2.8383940308000035],[],False,{},False,0,0,6.8,11.387303149997024,[6000],[],[False]
0_30_novelty_level_12_type30_non-novelty_type1230,0,9001_Data/StreamingAssets/Levels/novelty_level_12/type30/Levels/00018_1_0_3_2.xml,28,0.0,unknown,novelty,novelty,Levels,1,124521.558320929,30.28782945299463,5418,0,0.0,0,False,Fail,-1.0,[None],[],False,{},True,0,0,0.0,30.28782945299463,[0],[],[False]
0_30_novelty_level_12_type30_non-novelty_type1230,0,9001_Data/StreamingAssets/Levels/novelty_level_12/type30/Levels/00229_1_0_3_2.xml,29,0.0,unknown,novelty,novelty,Levels,1,124632.929878965,30.308768368005985,10951,0,0.0,0,False,Fail,-1.0,[None],[],False,{},True,0,0,0.0,30.308768368005985,[0],[],[False]
1